Workbook

Sheet Executive_Dashboard
A1: Executive Governance Dashboard
B3: Governance & Coordination KPI Overview
B4: KPI | C4: VALUE
B5: Total Actions | C5: =COUNTA(ActionTracker[Action_ID]) -> 28
B6: Overdue Actions | C6: =COUNTIFS(ActionTracker[Due_Date],"<"&TODAY(),ActionTracker[Action_Status],"<>Completed") -> 3
B7: High Priority Actions | C7: =COUNTIF(ActionTracker[Priority],"High") -> 11
B8: Medium Priority Actions | C8: =COUNTIF(ActionTracker[Priority],"Medium") -> 11
B9: Low Priority Actions | C9: =COUNTIF(ActionTracker[Priority],"Low") -> 6
B10: Completed Actions | C10: =COUNTIF(ActionTracker[Action_Status],"Completed") -> 6
B11: Completion Rate | C11: =C10/C5 -> 0.21428571
A13: Status | B13: Action Status Overview
A14: Completed | B14: =COUNTIF(Action_Tracker!H:H,"Completed") -> 6
A15: In Progress | B15: =COUNTIF(Action_Tracker!H:H,"In Progress") -> 11
A16: Pending | B16: =COUNTIF(Action_Tracker!H:H,"Pending") -> 6
A17: Not Started | B17: =COUNTIF(Action_Tracker!H:H,"No Started") -> 0
A22: Action Timing | B22: Action Delivery Performance
A23: Overdue | B23: =COUNTIF(Action_Tracker!M:M,">0") -> 3
A24: On Time | B24: =COUNTIF(Action_Tracker!M3:M30,"") -> 25
A32: Upcoming Governance Meetings
A33: Meeting_ID | B33: Committee_Name | C33: Meeting_Date | D33: Days_To_Meeting | E33: Governance_RAG
A34: {=_xlfn.TAKE(_xlfn.SORTBY(_xlfn._xlws.FILTER(CHOOSE({1,2,3,4,5},Master_Tracker!A3:A100,Master_Tracker!B3:B100,Master_Tracker!D3:D100,Master_Tracker!P3:P100,Master_Tracker!Q3:Q100),(Master_Tracker!F3:F100<>"Completed")*(Master_Tracker!P3:P100>=0)),_xlfn._xlws.FILTER(Master_Tracker!P3:P100,(Master_Tracker!F3:F100<>"Completed")*(Master_Tracker!P3:P100>=0)),1),5)} -> SMT-2026-001 | B34: Senior Management Team | C34: 46163 | D34: 0 | E34: Amber
A35: GRC-2026-001 | B35: Governance & Risk Committee | C35: 46167 | D35: 4 | E35: Amber
A36: AAC-2026-001 | B36: Academic Affairs Committee | C36: 46170 | D36: 7 | E36: Amber
A37: OPS-2026-001 | B37: Operations & Planning Committee | C37: 46171 | D37: 8 | E37: Green
A38: FRC-2026-001 | B38: Finance & Resources Committee | C38: 46176 | D38: 13 | E38: Green

Sheet Master_Tracker
A1: Executive Governance & Coordination Tracking System
A2: Meeting_ID | B2: Committee_Name | C2: Meeting_Type | D2: Meeting_Date | E2: Meeting_Time | F2: Meeting_Status | G2: Agenda_Deadline | H2: Agenda_Status | I2: Papers_Issued | J2: Minutes_Status | K2: Action_Log_Status | L2: Meeting_Chair | M2: Coordinator | N2: Next_Meeting_Date | O2: Archive_Status | P2: Days_To_Meeting | Q2: Governance_RAG | R2: Pack_Issue_Date | S2: Archive_Date | T2: Notes
A3: CL-2026-001 | B3: Council | C3: Council Meeting | D3: 46162 | E3: 0.375 | F3: Scheduled | G3: 46157 | H3: Completed | I3: Yes | J3: Drafted | K3: In Progress | L3: Vice Chancellor | M3: Executive Office | N3: 46197 | O3: Archived | P3: =Table2[[#This Row],[Meeting_Date]]-TODAY() -> -1 | Q3: =IF(Table2[[#This Row],[Meeting_Status]]="Completed","Complete",IF(Table2[[#This Row],[Days_To_Meeting]]<0,"Red",IF(Table2[[#This Row],[Days_To_Meeting]]<=7,"Amber","Green"))) -> Red | R3: =Table2[[#This Row],[Meeting_Date]]-5 -> 46157 | S3: =IF(Table2[[#This Row],[Meeting_Status]]="Completed",TODAY(),"") | T3: Minutes approved and archived
A4: SMT-2026-001 | B4: Senior Management Team | C4: SMT Meeting | D4: 46163 | E4: 0.41666667 | F4: Scheduled | G4: 46160 | H4: In Progress | I4: Yes | J4: Pending | K4: Pending | L4: Chief Operating Officer | M4: Executive Office | N4: 46191 | O4: Pending | P4: =Table2[[#This Row],[Meeting_Date]]-TODAY() -> 0 | Q4: =IF(Table2[[#This Row],[Meeting_Status]]="Completed","Complete",IF(Table2[[#This Row],[Days_To_Meeting]]<0,"Red",IF(Table2[[#This Row],[Days_To_Meeting]]<=7,"Amber","Green"))) -> Amber | R4: =Table2[[#This Row],[Meeting_Date]]-5 -> 46158 | S4: =IF(Table2[[#This Row],[Meeting_Status]]="Completed",TODAY(),"") | T4: Agenda awaiting final approval
A5: GRC-2026-001 | B5: Governance & Risk Committee | C5: Committee Meeting | D5: 46167 | E5: 0.58333333 | F5: Scheduled | G5: 46162 | H5: Pending | I5: No | J5: Not Started | K5: Not Started | L5: Director of Governance | M5: Governance Office | N5: 46203 | O5: Pending | P5: =Table2[[#This Row],[Meeting_Date]]-TODAY() -> 4 | Q5: =IF(Table2[[#This Row],[Meeting_Status]]="Completed","Complete",IF(Table2[[#This Row],[Days_To_Meeting]]<0,"Red",IF(Table2[[#This Row],[Days_To_Meeting]]<=7,"Amber","Green"))) -> Amber | R5: =Table2[[#This Row],[Meeting_Date]]-5 -> 46162 | S5: =IF(Table2[[#This Row],[Meeting_Status]]="Completed",TODAY(),"") | T5: Papers due from committee members
A6: AAC-2026-001 | B6: Academic Affairs Committee | C6: Committee Meeting | D6: 46170 | E6: 0.45833333 | F6: Scheduled | G6: 46164 | H6: In Progress | I6: No | J6: Pending | K6: Pending | L6: Dean of Academic Affairs | M6: Academic Office | N6: 46218 | O6: Pending | P6: =Table2[[#This Row],[Meeting_Date]]-TODAY() -> 7 | Q6: =IF(Table2[[#This Row],[Meeting_Status]]="Completed","Complete",IF(Table2[[#This Row],[Days_To_Meeting]]<0,"Red",IF(Table2[[#This Row],[Days_To_Meeting]]<=7,"Amber","Green"))) -> Amber | R6: =Table2[[#This Row],[Meeting_Date]]-5 -> 46165 | S6: =IF(Table2[[#This Row],[Meeting_Status]]="Completed",TODAY(),"") | T6: Meeting room confirmation pending
A7: OPS-2026-001 | B7: Operations & Planning Committee | C7: Operational Meeting | D7: 46171 | E7: 0.625 | F7: In Progress | G7: 46167 | H7: Pending | I7: No | J7: Not Started | K7: Not Started | L7: Head of Operations | M7: Operations Office | N7: 46185 | O7: Pending | P7: =Table2[[#This Row],[Meeting_Date]]-TODAY() -> 8 | Q7: =IF(Table2[[#This Row],[Meeting_Status]]="Completed","Complete",IF(Table2[[#This Row],[Days_To_Meeting]]<0,"Red",IF(Table2[[#This Row],[Days_To_Meeting]]<=7,"Amber","Green"))) -> Green | R7: =Table2[[#This Row],[Meeting_Date]]-5 -> 46166 | S7: =IF(Table2[[#This Row],[Meeting_Status]]="Completed",TODAY(),"") | T7: Operational update required
A8: FRC-2026-001 | B8: Finance & Resources Committee | C8: Committee Meeting | D8: 46176 | E8: 0.39583333 | F8: Scheduled | G8: 46171 | H8: Pending | I8: No | J8: Not Started | K8: Not Started | L8: Chief Financial Officer | M8: Finance Office | N8: 46204 | O8: Pending | P8: =Table2[[#This Row],[Meeting_Date]]-TODAY() -> 13 | Q8: =IF(Table2[[#This Row],[Meeting_Status]]="Completed","Complete",IF(Table2[[#This Row],[Days_To_Meeting]]<0,"Red",IF(Table2[[#This Row],[Days_To_Meeting]]<=7,"Amber","Green"))) -> Green | R8: =Table2[[#This Row],[Meeting_Date]]-5 -> 46171 | S8: =IF(Table2[[#This Row],[Meeting_Status]]="Completed",TODAY(),"") | T8: Finance reports to be circulated
A9: SDG-2026-001 | B9: Strategic Development Group | C9: Strategy Meeting | D9: 46183 | E9: 0.54166667 | F9: Planned | G9: 46178 | H9: Not Started | I9: No | J9: Not Started | K9: Not Started | L9: Director of Strategy | M9: Strategy Office | N9: 46218 | O9: Pending | P9: =Table2[[#This Row],[Meeting_Date]]-TODAY() -> 20 | Q9: =IF(Table2[[#This Row],[Meeting_Status]]="Completed","Complete",IF(Table2[[#This Row],[Days_To_Meeting]]<0,"Red",IF(Table2[[#This Row],[Days_To_Meeting]]<=7,"Amber","Green"))) -> Green | R9: =Table2[[#This Row],[Meeting_Date]]-5 -> 46178 | S9: =IF(Table2[[#This Row],[Meeting_Status]]="Completed",TODAY(),"") | T9: Strategy papers in preparation
A10: CL-2026-002 | B10: Council | C10: Council Meeting | D10: 46197 | E10: 0.375 | F10: Completed | G10: 46191 | H10: Approved | I10: Yes | J10: Approved | K10: Completed | L10: Vice Chancellor | M10: Executive Office | N10: 46225 | O10: Archived | P10: =Table2[[#This Row],[Meeting_Date]]-TODAY() -> 34 | Q10: =IF(Table2[[#This Row],[Meeting_Status]]="Completed","Complete",IF(Table2[[#This Row],[Days_To_Meeting]]<0,"Red",IF(Table2[[#This Row],[Days_To_Meeting]]<=7,"Amber","Green"))) -> Complete | R10: =Table2[[#This Row],[Meeting_Date]]-5 -> 46192 | S10: =IF(Table2[[#This Row],[Meeting_Status]]="Completed",TODAY(),"") -> 46163 | T10: Council actions closed out
A11: SMT-2026-002 | B11: Senior Management Team | C11: SMT Meeting | D11: 46191 | E11: 0.41666667 | F11: In Progress | G11: 46185 | H11: In Progress | I11: Yes | J11: Drafted | K11: In Progress | L11: Chief Operating Officer | M11: Executive Office | N11: 46219 | O11: Pending | P11: =Table2[[#This Row],[Meeting_Date]]-TODAY() -> 28 | Q11: =IF(Table2[[#This Row],[Meeting_Status]]="Completed","Complete",IF(Table2[[#This Row],[Days_To_Meeting]]<0,"Red",IF(Table2[[#This Row],[Days_To_Meeting]]<=7,"Amber","Green"))) -> Green | R11: =Table2[[#This Row],[Meeting_Date]]-5 -> 46186 | S11: =IF(Table2[[#This Row],[Meeting_Status]]="Completed",TODAY(),"") | T11: Operational update under review
A12: GRC-2026-002 | B12: Governance & Risk Committee | C12: Committee Meeting | D12: 46203 | E12: 0.58333333 | F12: Scheduled | G12: 46197 | H12: Pending | I12: No | J12: Pending | K12: Pending | L12: Director of Governance | M12: Governance Office | N12: 46231 | O12: Pending | P12: =Table2[[#This Row],[Meeting_Date]]-TODAY() -> 40 | Q12: =IF(Table2[[#This Row],[Meeting_Status]]="Completed","Complete",IF(Table2[[#This Row],[Days_To_Meeting]]<0,"Red",IF(Table2[[#This Row],[Days_To_Meeting]]<=7,"Amber","Green"))) -> Green | R12: =Table2[[#This Row],[Meeting_Date]]-5 -> 46198 | S12: =IF(Table2[[#This Row],[Meeting_Status]]="Completed",TODAY(),"") | T12: Risk register review scheduled
A13: AAC-2026-002 | B13: Academic Affairs Committee | C13: Committee Meeting | D13: 46218 | E13: 0.45833333 | F13: Planned | G13: 46211 | H13: Not Started | I13: No | J13: Not Started | K13: Not Started | L13: Dean of Academic Affairs | M13: Academic Office | N13: 46254 | O13: Pending | P13: =Table2[[#This Row],[Meeting_Date]]-TODAY() -> 55 | Q13: =IF(Table2[[#This Row],[Meeting_Status]]="Completed","Complete",IF(Table2[[#This Row],[Days_To_Meeting]]<0,"Red",IF(Table2[[#This Row],[Days_To_Meeting]]<=7,"Amber","Green"))) -> Green | R13: =Table2[[#This Row],[Meeting_Date]]-5 -> 46213 | S13: =IF(Table2[[#This Row],[Meeting_Status]]="Completed",TODAY(),"") | T13: Academic policy review planned
A14: OPS-2026-002 | B14: Operations & Planning Committee | C14: Operational Meeting | D14: 46185 | E14: 0.625 | F14: Completed | G14: 46178 | H14: Completed | I14: Yes | J14: Approved | K14: Completed | L14: Head of Operations | M14: Operations Office | N14: 46213 | O14: Archived | P14: =Table2[[#This Row],[Meeting_Date]]-TODAY() -> 22 | Q14: =IF(Table2[[#This Row],[Meeting_Status]]="Completed","Complete",IF(Table2[[#This Row],[Days_To_Meeting]]<0,"Red",IF(Table2[[#This Row],[Days_To_Meeting]]<=7,"Amber","Green"))) -> Complete | R14: =Table2[[#This Row],[Meeting_Date]]-5 -> 46180 | S14: =IF(Table2[[#This Row],[Meeting_Status]]="Completed",TODAY(),"") -> 46163 | T14: Operational actions completed
... A22: FRC-2026-003 | B22: Finance & Resources Committee | C22: Committee Meeting | D22: 46232 | E22: 0.39583333 | F22: Scheduled | G22: 46225 | H22: In Progress | I22: Yes | J22: Drafted | K22: In Progress | L22: Chief Financial Officer | M22: Finance Office | N22: 46260 | O22: Pending | P22: =Table2[[#This Row],[Meeting_Date]]-TODAY() -> 69 | Q22: =IF(Table2[[#This Row],[Meeting_Status]]="Completed","Complete",IF(Table2[[#This Row],[Days_To_Meeting]]<0,"Red",IF(Table2[[#This Row],[Days_To_Meeting]]<=7,"Amber","Green"))) -> Green | R22: =Table2[[#This Row],[Meeting_Date]]-5 -> 46227 | S22: =IF(Table2[[#This Row],[Meeting_Status]]="Completed",TODAY(),"") | T22: Financial reports being finalised

Sheet Action_Tracker
A1: Governance Action Tracker
A2: Action_ID | B2: Meeting_ID | C2: Committee_Name | D2: Action_Description | E2: Action_Owner | F2: Date_Assigned | G2: Due_Date | H2: Action_Status | I2: Priority | J2: Progress_Notes | K2: Date_Completed | L2: Closed_Out | M2: Days_Overdue | N2: Action_RAG
A3: ACT-2026-001 | B3: COUNCIL-2026-001 | C3: Council | D3: Update governance policy register | E3: Director of Governance | F3: 46154 | G3: 46162 | H3: In Progress | I3: High | J3: Draft revisions under review | L3: No | M3: =IF(ActionTracker[[#This Row],[Action_Status]]="Completed","",IF(TODAY()>ActionTracker[[#This Row],[Due_Date]],TODAY()-ActionTracker[[#This Row],[Due_Date]],"")) -> 1 | N3: =IF(ActionTracker[[#This Row],[Action_Status]]="Completed","Complete",IF(ActionTracker[[#This Row],[Days_Overdue]]="","Green","Red")) -> Red
A4: ACT-2026-002 | B4: SMT-2026-001 | C4: Senior Management Team | D4: Prepare operational performance report | E4: Chief Operating Officer | F4: 46156 | G4: 46163 | H4: Pending | I4: High | J4: Awaiting departmental updates | L4: No | M4: =IF(ActionTracker[[#This Row],[Action_Status]]="Completed","",IF(TODAY()>ActionTracker[[#This Row],[Due_Date]],TODAY()-ActionTracker[[#This Row],[Due_Date]],"")) | N4: =IF(ActionTracker[[#This Row],[Action_Status]]="Completed","Complete",IF(ActionTracker[[#This Row],[Days_Overdue]]="","Green","Red")) -> Green
A5: ACT-2026-003 | B5: GRC-2026-001 | C5: Governance & Risk Committee | D5: Review risk management framework | E5: Governance Office | F5: 46157 | G5: 46170 | H5: In Progress | I5: Medium | J5: Risk register updates in progress | L5: No | M5: =IF(ActionTracker[[#This Row],[Action_Status]]="Completed","",IF(TODAY()>ActionTracker[[#This Row],[Due_Date]],TODAY()-ActionTracker[[#This Row],[Due_Date]],"")) | N5: =IF(ActionTracker[[#This Row],[Action_Status]]="Completed","Complete",IF(ActionTracker[[#This Row],[Days_Overdue]]="","Green","Red")) -> Green
A6: ACT-2026-004 | B6: AAC-2026-001 | C6: Academic Affairs Committee | D6: Circulate revised academic calendar | E6: Academic Office | F6: 46158 | G6: 46172 | H6: Completed | I6: Medium | J6: Calendar approved and issued | K6: 46164 | L6: Yes | M6: =IF(ActionTracker[[#This Row],[Action_Status]]="Completed","",IF(TODAY()>ActionTracker[[#This Row],[Due_Date]],TODAY()-ActionTracker[[#This Row],[Due_Date]],"")) | N6: =IF(ActionTracker[[#This Row],[Action_Status]]="Completed","Complete",IF(ActionTracker[[#This Row],[Days_Overdue]]="","Green","Red")) -> Complete
A7: ACT-2026-005 | B7: OPS-2026-001 | C7: Operations & Planning Committee | D7: Confirm meeting room allocation | E7: Operations Office | F7: 46159 | G7: 46171 | H7: Pending | I7: Low | J7: Awaiting facilities confirmation | L7: No | M7: =IF(ActionTracker[[#This Row],[Action_Status]]="Completed","",IF(TODAY()>ActionTracker[[#This Row],[Due_Date]],TODAY()-ActionTracker[[#This Row],[Due_Date]],"")) | N7: =IF(ActionTracker[[#This Row],[Action_Status]]="Completed","Complete",IF(ActionTracker[[#This Row],[Days_Overdue]]="","Green","Red")) -> Green
A8: ACT-2026-006 | B8: FRC-2026-001 | C8: Finance & Resources Committee | D8: Prepare quarterly finance summary | E8: Finance Office | F8: 46160 | G8: 46176 | H8: In Progress | I8: High | J8: Financial data compilation ongoing | L8: No | M8: =IF(ActionTracker[[#This Row],[Action_Status]]="Completed","",IF(TODAY()>ActionTracker[[#This Row],[Due_Date]],TODAY()-ActionTracker[[#This Row],[Due_Date]],"")) | N8: =IF(ActionTracker[[#This Row],[Action_Status]]="Completed","Complete",IF(ActionTracker[[#This Row],[Days_Overdue]]="","Green","Red")) -> Green
A9: ACT-2026-007 | B9: SDG-2026-001 | C9: Strategic Development Group | D9: Develop strategic planning presentation | E9: Strategy Office | F9: 46161 | G9: 46183 | H9: Not Started | I9: Medium | J9: Initial planning meeting scheduled | L9: No | M9: =IF(ActionTracker[[#This Row],[Action_Status]]="Completed","",IF(TODAY()>ActionTracker[[#This Row],[Due_Date]],TODAY()-ActionTracker[[#This Row],[Due_Date]],"")) | N9: =IF(ActionTracker[[#This Row],[Action_Status]]="Completed","Complete",IF(ActionTracker[[#This Row],[Days_Overdue]]="","Green","Red")) -> Green
A10: ACT-2026-008 | B10: COUNCIL-2026-002 | C10: Council | D10: Review governance framework update | E10: Director of Governance | F10: 46174 | G10: 46183 | H10: In Progress | I10: High | J10: Governance revisions underway | L10: No | M10: =IF(ActionTracker[[#This Row],[Action_Status]]="Completed","",IF(TODAY()>ActionTracker[[#This Row],[Due_Date]],TODAY()-ActionTracker[[#This Row],[Due_Date]],"")) | N10: =IF(ActionTracker[[#This Row],[Action_Status]]="Completed","Complete",IF(ActionTracker[[#This Row],[Days_Overdue]]="","Green","Red")) -> Green
A11: ACT-2026-009 | B11: SMT-2026-002 | C11: Senior Management Team | D11: Prepare monthly operational report | E11: Chief Operating Officer | F11: 46176 | G11: 46181 | H11: Completed | I11: High | J11: Report circulated to SMT | K11: 46181 | L11: Yes | M11: =IF(ActionTracker[[#This Row],[Action_Status]]="Completed","",IF(TODAY()>ActionTracker[[#This Row],[Due_Date]],TODAY()-ActionTracker[[#This Row],[Due_Date]],"")) | N11: =IF(ActionTracker[[#This Row],[Action_Status]]="Completed","Complete",IF(ActionTracker[[#This Row],[Days_Overdue]]="","Green","Red")) -> Complete
A12: ACT-2026-010 | B12: GRC-2026-002 | C12: Governance & Risk Committee | D12: Update institutional risk register | E12: Governance Office | F12: 46178 | G12: 46188 | H12: Pending | I12: Medium | J12: Risk owners being consulted | L12: No | M12: =IF(ActionTracker[[#This Row],[Action_Status]]="Completed","",IF(TODAY()>ActionTracker[[#This Row],[Due_Date]],TODAY()-ActionTracker[[#This Row],[Due_Date]],"")) | N12: =IF(ActionTracker[[#This Row],[Action_Status]]="Completed","Complete",IF(ActionTracker[[#This Row],[Days_Overdue]]="","Green","Red")) -> Green
A13: ACT-2026-011 | B13: AAC-2026-002 | C13: Academic Affairs Committee | D13: Review programme approval submissions | E13: Academic Office | F13: 46179 | G13: 46193 | H13: In Progress | I13: Medium | J13: Documentation under review | L13: No | M13: =IF(ActionTracker[[#This Row],[Action_Status]]="Completed","",IF(TODAY()>ActionTracker[[#This Row],[Due_Date]],TODAY()-ActionTracker[[#This Row],[Due_Date]],"")) | N13: =IF(ActionTracker[[#This Row],[Action_Status]]="Completed","Complete",IF(ActionTracker[[#This Row],[Days_Overdue]]="","Green","Red")) -> Green
A14: ACT-2026-012 | B14: OPS-2026-002 | C14: Operations & Planning Committee | D14: Confirm facilities upgrade schedule | E14: Operations Office | F14: 46180 | G14: 46191 | H14: Not Started | I14: Low | J14: Awaiting supplier confirmation | L14: No | M14: =IF(ActionTracker[[#This Row],[Action_Status]]="Completed","",IF(TODAY()>ActionTracker[[#This Row],[Due_Date]],TODAY()-ActionTracker[[#This Row],[Due_Date]],"")) | N14: =IF(ActionTracker[[#This Row],[Action_Status]]="Completed","Complete",IF(ActionTracker[[#This Row],[Days_Overdue]]="","Green","Red")) -> Green
A15: ACT-2026-013 | B15: FRC-2026-002 | C15: Finance & Resources Committee | D15: Prepare revised budget summary | E15: Finance Office | F15: 46181 | G15: 46185 | H15: Completed | I15: High | J15: Updated budget approved | K15: 46185 | L15: Yes | M15: =IF(ActionTracker[[#This Row],[Action_Status]]="Completed","",IF(TODAY()>ActionTracker[[#This Row],[Due_Date]],TODAY()-ActionTracker[[#This Row],[Due_Date]],"")) | N15: =IF(ActionTracker[[#This Row],[Action_Status]]="Completed","Complete",IF(ActionTracker[[#This Row],[Days_Overdue]]="","Green","Red")) -> Complete
A16: ACT-2026-014 | B16: SDG-2026-002 | C16: Strategic Development Group | D16: Draft strategic implementation roadmap | E16: Strategy Office | F16: 46182 | G16: 46198 | H16: In Progress | I16: Medium | J16: Initial framework drafted | L16: No | M16: =IF(ActionTracker[[#This Row],[Action_Status]]="Completed","",IF(TODAY()>ActionTracker[[#This Row],[Due_Date]],TODAY()-ActionTracker[[#This Row],[Due_Date]],"")) | N16: =IF(ActionTracker[[#This Row],[Action_Status]]="Completed","Complete",IF(ActionTracker[[#This Row],[Days_Overdue]]="","Green","Red")) -> Green
A17: ACT-2026-015 | B17: COUNCIL-2026-003 | C17: Council | D17: Coordinate annual governance review | E17: Executive Office | F17: 46183 | G17: 46147 | H17: Pending | I17: High | J17: Awaiting governance papers | L17: No | M17: =IF(ActionTracker[[#This Row],[Action_Status]]="Completed","",IF(TODAY()>ActionTracker[[#This Row],[Due_Date]],TODAY()-ActionTracker[[#This Row],[Due_Date]],"")) -> 16 | N17: =IF(ActionTracker[[#This Row],[Action_Status]]="Completed","Complete",IF(ActionTracker[[#This Row],[Days_Overdue]]="","Green","Red")) -> Red
A18: ACT-2026-016 | B18: SMT-2026-003 | C18: Senior Management Team | D18: Compile departmental KPI updates | E18: Executive Office | F18: 46184 | G18: 46190 | H18: Completed | I18: Medium | J18: KPI report finalised | K18: 46190 | L18: Yes | M18: =IF(ActionTracker[[#This Row],[Action_Status]]="Completed","",IF(TODAY()>ActionTracker[[#This Row],[Due_Date]],TODAY()-ActionTracker[[#This Row],[Due_Date]],"")) | N18: =IF(ActionTracker[[#This Row],[Action_Status]]="Completed","Complete",IF(ActionTracker[[#This Row],[Days_Overdue]]="","Green","Red")) -> Complete
A19: ACT-2026-017 | B19: GRC-2026-003 | C19: Governance & Risk Committee | D19: Review compliance monitoring report | E19: Governance Office | F19: 46185 | G19: 46154 | H19: In Progress | I19: High | J19: Compliance review ongoing | L19: No | M19: =IF(ActionTracker[[#This Row],[Action_Status]]="Completed","",IF(TODAY()>ActionTracker[[#This Row],[Due_Date]],TODAY()-ActionTracker[[#This Row],[Due_Date]],"")) -> 9 | N19: =IF(ActionTracker[[#This Row],[Action_Status]]="Completed","Complete",IF(ActionTracker[[#This Row],[Days_Overdue]]="","Green","Red")) -> Red
A20: ACT-2026-018 | B20: AAC-2026-003 | C20: Academic Affairs Committee | D20: Update academic policy tracker | E20: Academic Office | F20: 46186 | G20: 46203 | H20: Pending | I20: Low | J20: Policy updates outstanding | L20: No | M20: =IF(ActionTracker[[#This Row],[Action_Status]]="Completed","",IF(TODAY()>ActionTracker[[#This Row],[Due_Date]],TODAY()-ActionTracker[[#This Row],[Due_Date]],"")) | N20: =IF(ActionTracker[[#This Row],[Action_Status]]="Completed","Complete",IF(ActionTracker[[#This Row],[Days_Overdue]]="","Green","Red")) -> Green
A21: ACT-2026-019 | B21: OPS-2026-003 | C21: Operations & Planning Committee | D21: Review operational continuity plan | E21: Operations Office | F21: 46187 | G21: 46192 | H21: Completed | I21: Medium | J21: Continuity review completed | K21: 46192 | L21: Yes | M21: =IF(ActionTracker[[#This Row],[Action_Status]]="Completed","",IF(TODAY()>ActionTracker[[#This Row],[Due_Date]],TODAY()-ActionTracker[[#This Row],[Due_Date]],"")) | N21: =IF(ActionTracker[[#This Row],[Action_Status]]="Completed","Complete",IF(ActionTracker[[#This Row],[Days_Overdue]]="","Green","Red")) -> Complete
A22: ACT-2026-020 | B22: FRC-2026-003 | C22: Finance & Resources Committee | D22: Prepare procurement update report | E22: Finance Office | F22: 46188 | G22: 46199 | H22: In Progress | I22: Medium | J22: Procurement figures being reviewed | L22: No | M22: =IF(ActionTracker[[#This Row],[Action_Status]]="Completed","",IF(TODAY()>ActionTracker[[#This Row],[Due_Date]],TODAY()-ActionTracker[[#This Row],[Due_Date]],"")) | N22: =IF(ActionTracker[[#This Row],[Action_Status]]="Completed","Complete",IF(ActionTracker[[#This Row],[Days_Overdue]]="","Green","Red")) -> Green
A23: ACT-2026-021 | B23: SDG-2026-003 | C23: Strategic Development Group | D23: Develop governance reporting template | E23: Strategy Office | F23: 46189 | G23: 46208 | H23: Not Started | I23: Low | J23: Template planning stage | L23: No | M23: =IF(ActionTracker[[#This Row],[Action_Status]]="Completed","",IF(TODAY()>ActionTracker[[#This Row],[Due_Date]],TODAY()-ActionTracker[[#This Row],[Due_Date]],"")) | N23: =IF(ActionTracker[[#This Row],[Action_Status]]="Completed","Complete",IF(ActionTracker[[#This Row],[Days_Overdue]]="","Green","Red")) -> Green
A24: ACT-2026-022 | B24: COUNCIL-2026-004 | C24: Council | D24: Review board action tracker | E24: Executive Office | F24: 46190 | G24: 46200 | H24: In Progress | I24: High | J24: Action updates being consolidated | L24: No | M24: =IF(ActionTracker[[#This Row],[Action_Status]]="Completed","",IF(TODAY()>ActionTracker[[#This Row],[Due_Date]],TODAY()-ActionTracker[[#This Row],[Due_Date]],"")) | N24: =IF(ActionTracker[[#This Row],[Action_Status]]="Completed","Complete",IF(ActionTracker[[#This Row],[Days_Overdue]]="","Green","Red")) -> Green
A25: ACT-2026-023 | B25: SMT-2026-004 | C25: Senior Management Team | D25: Prepare quarterly staffing report | E25: Human Resources | F25: 46191 | G25: 46205 | H25: Pending | I25: Medium | J25: Awaiting HR metrics | L25: No | M25: =IF(ActionTracker[[#This Row],[Action_Status]]="Completed","",IF(TODAY()>ActionTracker[[#This Row],[Due_Date]],TODAY()-ActionTracker[[#This Row],[Due_Date]],"")) | N25: =IF(ActionTracker[[#This Row],[Action_Status]]="Completed","Complete",IF(ActionTracker[[#This Row],[Days_Overdue]]="","Green","Red")) -> Green
A26: ACT-2026-024 | B26: GRC-2026-004 | C26: Governance & Risk Committee | D26: Review internal audit recommendations | E26: Governance Office | F26: 46192 | G26: 46211 | H26: In Progress | I26: High | J26: Audit actions under review | L26: No | M26: =IF(ActionTracker[[#This Row],[Action_Status]]="Completed","",IF(TODAY()>ActionTracker[[#This Row],[Due_Date]],TODAY()-ActionTracker[[#This Row],[Due_Date]],"")) | N26: =IF(ActionTracker[[#This Row],[Action_Status]]="Completed","Complete",IF(ActionTracker[[#This Row],[Days_Overdue]]="","Green","Red")) -> Green
A27: ACT-2026-025 | B27: AAC-2026-004 | C27: Academic Affairs Committee | D27: Coordinate curriculum review schedule | E27: Academic Office | F27: 46193 | G27: 46213 | H27: Completed | I27: Low | J27: Curriculum schedule issued | K27: 46213 | L27: Yes | M27: =IF(ActionTracker[[#This Row],[Action_Status]]="Completed","",IF(TODAY()>ActionTracker[[#This Row],[Due_Date]],TODAY()-ActionTracker[[#This Row],[Due_Date]],"")) | N27: =IF(ActionTracker[[#This Row],[Action_Status]]="Completed","Complete",IF(ActionTracker[[#This Row],[Days_Overdue]]="","Green","Red")) -> Complete
A28: ACT-2026-026 | B28: GRC-2026-004 | C28: Governance & Risk Committee | D28: Finalise governance risk escalation framework | E28: Governance Office | F28: 46174 | G28: 46181 | H28: In Progress | I28: High | J28: Escalation review delayed pending approvals | L28: No | M28: =IF(ActionTracker[[#This Row],[Action_Status]]="Completed","",IF(TODAY()>ActionTracker[[#This Row],[Due_Date]],TODAY()-ActionTracker[[#This Row],[Due_Date]],"")) | N28: =IF(ActionTracker[[#This Row],[Action_Status]]="Completed","Complete",IF(ActionTracker[[#This Row],[Days_Overdue]]="","Green","Red")) -> Green
A29: ACT-2026-027 | B29: SMT-2026-004 | C29: Senior Management Team | D29: Prepare governance reporting framework draft | E29: Executive Office | F29: 46193 | G29: 46218 | H29: Not Started | I29: Medium | J29: Draft framework not yet initiated | L29: No | M29: =IF(ActionTracker[[#This Row],[Action_Status]]="Completed","",IF(TODAY()>ActionTracker[[#This Row],[Due_Date]],TODAY()-ActionTracker[[#This Row],[Due_Date]],"")) | N29: =IF(ActionTracker[[#This Row],[Action_Status]]="Completed","Complete",IF(ActionTracker[[#This Row],[Days_Overdue]]="","Green","Red")) -> Green
A30: ACT-2026-028 | B30: OPS-2026-004 | C30: Operations & Planning Committee | D30: Review governance document retention schedule | E30: Operations Office | F30: 46194 | G30: 46221 | H30: Not Started | I30: Low | J30: Awaiting records management review | L30: No | M30: =IF(ActionTracker[[#This Row],[Action_Status]]="Completed","",IF(TODAY()>ActionTracker[[#This Row],[Due_Date]],TODAY()-ActionTracker[[#This Row],[Due_Date]],"")) | N30: =IF(ActionTracker[[#This Row],[Action_Status]]="Completed","Complete",IF(ActionTracker[[#This Row],[Days_Overdue]]="","Green","Red")) -> Green

Sheet Meeting_Calendar
A1: Annual Governance Calendar
A2: Month | B2: Committee_Name | C2: Meeting_Date | D2: Meeting_Type | E2: Key_Deadline | F2: Status | G2: Coordinator | H2: Notes
A3: 46143 | B3: Council | C3: 46162 | D3: Council Meeting | E3: Agenda Deadline | F3: Scheduled | G3: Executive Office | H3: Quarterly governance review
A4: 46143 | B4: Senior Management Team | C4: 46163 | D4: SMT Meeting | E4: Papers Circulation | F4: In Progress | G4: Executive Office | H4: Operational performance update
A5: 46143 | B5: Governance & Risk Committee | C5: 46167 | D5: Committee Meeting | E5: Risk Register Review | F5: Scheduled | G5: Governance Office | H5: Annual compliance review
A6: 46143 | B6: Academic Affairs Committee | C6: 46170 | D6: Committee Meeting | E6: Academic Reports Due | F6: Scheduled | G6: Academic Office | H6: Curriculum updates
A7: 46143 | B7: Operations & Planning Committee | C7: 46171 | D7: Operational Meeting | E7: Facilities Update | F7: Pending | G7: Operations Office | H7: Resource planning review
A8: 46174 | B8: Finance & Resources Committee | C8: 46176 | D8: Committee Meeting | E8: Budget Papers Due | F8: Scheduled | G8: Finance Office | H8: Quarterly finance review
A9: 46174 | B9: Strategic Development Group | C9: 46183 | D9: Strategy Meeting | E9: Strategy Paper Submission | F9: Planned | G9: Strategy Office | H9: Long-term planning discussion

Sheet Committee_Register
A1: Committee Register
A2: Committee_Name | B2: Committee_Type | C2: Chair | D2: Coordinator | E2: Meeting_Frequency | F2: Reporting_To | G2: Status
A3: Council | B3: Governing Body | C3: Vice Chancellor | D3: Executive Office | E3: Quarterly | F3: Board of Trustees | G3: Active
A4: Senior Management Team | B4: Executive Management | C4: Chief Operating Officer | D4: Executive Office | E4: Monthly | F4: Council | G4: Active
A5: Governance & Risk Committee | B5: Governance Committee | C5: Director of Governance | D5: Governance Office | E5: Quarterly | F5: Council | G5: Active
A6: Academic Affairs Committee | B6: Academic Committee | C6: Dean of Academic Affairs | D6: Academic Office | E6: Monthly | F6: Senior Management Team | G6: Active
A7: Operations & Planning Committee | B7: Operational Committee | C7: Head of Operations | D7: Operations Office | E7: Monthly | F7: Senior Management Team | G7: Active
A8: Finance & Resources Committee | B8: Finance Committee | C8: Chief Financial Officer | D8: Finance Office | E8: Quarterly | F8: Council | G8: Active
A9: Strategic Development Group | B9: Strategy Committee | C9: Director of Strategy | D9: Strategy Office | E9: Bi-Monthly | F9: Senior Management Team | G9: Active

Sheet Lists
A1: Dropdown Lists
A2: Meeting_Status | B2: Agenda_Status | C2: Minutes_Status | D2: Action_Status | E2: Priority | F2: Yes_No
A3: Scheduled | B3: Not Started | C3: Not Started | D3: Not Started | E3: High | F3: Yes
A4: Planned | B4: Pending | C4: Pending | D4: Pending | E4: Medium | F4: No
A5: In Progress | B5: In Progress | C5: Drafted | D5: In Progress | E5: Low
A6: Completed | B6: Completed | C6: Approved | D6: Completed
A7: Cancelled | B7: Approved | C7: Archived | D7: Overdue
A8: Deferred | D8: Deferred
